Sala 1,Pequeña
Sala 2,Grande
Sala 3,Mediana
Sala 4,Grande
Sala 5,Pequeña
Sala 6,Mediana
Sala 7,Grande
Sala 8,Pequeña
Sala 9,Grande
Sala 10,Mediana
Sala 11,Pequeña
Sala 12,Mediana
Sala 13,Grande
Sala 14,Mediana
Sala 15,Pequeña
Sala 16,Grande
Sala 17,Pequeña
Sala 18,Mediana
Sala 19,Grande
Sala 20,Mediana
Sala 21,Pequeña
Sala 22,Grande
Sala 23,Mediana
Sala 24,Pequeña
Sala 25,Grande
Sala 26,Mediana
Sala 27,Pequeña
Sala 28,Grande
Sala 29,Mediana
Sala 30,Pequeña
Sala 31,Grande
Sala 32,Mediana
Sala 33,Pequeña
Sala 34,Grande
Sala 35,Mediana
Sala 36,Pequeña
Sala 37,Grande
Sala 38,Mediana
Sala 39,Pequeña
Sala 40,Grande
